<?xml version="1.0" encoding="UTF-8"?>
<!DOCTYPE hibernate-configuration PUBLIC "-//Hibernate/Hibernate Configuration DTD 3.0//EN"
"http:// sourceforge.net/hibernate-configuration-3.0.dtd">
<hibernate-configuration>
	<session-factory>
		<!-- Database connection settings -->
		<property name="connection.driver_class">com.microsoft.sqlserver.jdbc.SQLServerDriver</property>
		<property name="connection.url">jdbc:sqlserver://localhost:1433;databaseName=thu1ORM</property>
		<property name="connection.username">sa</property>
		<property name="connection.password">123123</property>
		<!-- JDBC connection pool (use the built-in) -->
		<property name="connection.pool_size">1</property>
		<!-- SQL dialect -->
		<property name="dialect">org.hibernate.dialect.SQLServer2012Dialect</property>
		<!-- Echo all executed SQL to stdout -->
		<property name="show_sql">true</property>
		<!-- Drop and re-create the database schema on startup -->
		<property name="hbm2ddl.auto">update</property>

		<mapping class="entities.Employee" />
		<mapping class="entities.Customer" />
		<mapping class="entities.Apartment" />
		<mapping class="entities.Bill" />

	</session-factory>
</hibernate-configuration>